tiempo_ms,roll,pitch,yaw,GyX,GyY,GyZ,AcX,AcY,AcZ
996,-1.32,0.20,-0.00,-2.68,1.62,-1.66,-2808,-14800,-6048
1019,-2.59,0.42,-0.01,-1.34,1.45,-1.59,-3008,-14652,-6204
1043,-3.83,0.63,-0.01,1.04,0.36,-1.82,-3040,-14420,-6180
1069,-5.04,0.84,-0.02,0.24,-0.55,-2.62,-3152,-14416,-6192
1095,-6.23,1.05,-0.02,2.35,-0.69,-3.09,-3100,-14600,-6032
1121,-7.42,1.24,-0.03,3.27,1.03,-4.01,-2944,-14676,-5892
1147,-8.61,1.40,-0.04,-0.40,-0.73,-5.19,-2680,-15108,-5920
1173,-9.73,1.59,-0.04,1.89,1.44,0.03,-2624,-14828,-5832
1218,-10.85,1.77,-0.04,-2.63,-0.05,-0.44,-3048,-14728,-6024
1242,-11.92,1.96,-0.05,1.78,0.48,-2.15,-3112,-14756,-6228
1268,-13.01,2.11,-0.05,0.37,-1.71,-4.30,-2764,-14816,-5888
1294,-14.08,2.27,-0.06,1.02,-0.66,-1.98,-2884,-15064,-5808
1320,-15.13,2.44,-0.06,1.21,1.81,-0.05,-2904,-15016,-5736
1346,-16.17,2.59,-0.06,-1.40,-0.78,-1.93,-2928,-15060,-5776
1371,-17.17,2.75,-0.07,-4.22,-1.49,-2.50,-3072,-14944,-5900
1397,-18.19,2.93,-0.10,-3.03,1.44,-1.81,-2904,-14484,-6000
1435,-19.12,3.09,-0.10,-2.05,0.67,-2.38,-3028,-14488,-6184
1464,-20.04,3.24,-0.11,0.48,-0.11,-3.30,-2932,-14720,-6220
1490,-20.94,3.38,-0.12,1.30,-1.05,-2.29,-2912,-14792,-6124
1531,-21.83,3.52,-0.12,2.71,-0.84,-0.81,-2984,-14636,-5896
1557,-22.73,3.66,-0.12,3.31,1.36,-2.65,-2944,-15004,-5640
1582,-23.62,3.79,-0.13,-1.66,-0.12,-3.33,-2816,-15056,-5652
1608,-24.51,3.95,-0.18,-2.66,1.31,-2.59,-3016,-14968,-6108
1646,-25.33,4.07,-0.18,1.28,1.04,-1.50,-2868,-14892,-5960
1670,-26.15,4.21,-0.18,2.06,0.25,-1.47,-3060,-14840,-5768
1702,-26.96,4.34,-0.19,0.75,0.25,-3.40,-2952,-14892,-5720
1727,-27.76,4.46,-0.20,-1.68,-0.44,-3.50,-3008,-15104,-5692
1753,-28.54,4.58,-0.20,-1.85,1.25,-1.70,-2944,-15020,-5740
1779,-29.30,4.70,-0.21,-2.68,1.41,-2.14,-2976,-14760,-5880
1805,-30.02,4.82,-0.21,-2.90,1.68,-3.05,-2948,-14652,-6024
1831,-30.76,4.94,-0.30,-1.81,0.51,-3.93,-2828,-14728,-6228
1873,-31.45,5.03,-0.30,0.68,-0.20,-3.11,-2780,-14848,-6236
1897,-32.14,5.12,-0.31,2.98,-1.09,-2.25,-2724,-14972,-6080
1923,-32.83,5.22,-0.31,1.23,-1.71,-1.13,-2792,-14924,-5740
1954,-33.51,5.32,-0.31,-1.29,0.25,-1.65,-2876,-14828,-5732
1980,-34.17,5.42,-0.32,-1.89,-0.24,-2.80,-2912,-14788,-5840
2016,-34.81,5.51,-0.32,-0.15,-0.85,-2.02,-2852,-14928,-5900
2042,-35.43,5.63,-0.34,0.02,0.27,-1.00,-3124,-14872,-5816
2085,-36.06,5.73,-0.35,-0.31,0.87,-1.66,-3016,-14784,-5576
2109,-36.69,5.82,-0.35,-2.43,0.89,-3.64,-2812,-14912,-5532
2135,-37.31,5.90,-0.36,-7.27,-0.23,-3.96,-2888,-15096,-5832
2161,-37.89,5.98,-0.37,-4.05,-0.44,-2.97,-2724,-15020,-6076
2187,-38.46,6.06,-0.37,-3.80,-0.71,-1.08,-2896,-14896,-5912
2212,-39.01,6.15,-0.37,-4.69,1.23,-1.47,-2896,-14452,-5944
2238,-39.54,6.24,-0.38,-3.66,1.89,-4.50,-2948,-14752,-6128
2264,-40.10,6.27,-0.45,-2.05,-1.36,-3.27,-2608,-14904,-6348
2304,-40.60,6.33,-0.45,-0.85,-0.60,-0.21,-2580,-14724,-6328
2329,-41.09,6.40,-0.45,-1.93,-1.39,-0.04,-2824,-14700,-6212
2355,-41.57,6.48,-0.45,-2.06,-3.02,-1.11,-3044,-14808,-6272
2380,-42.08,6.55,-0.46,-2.12,-3.47,-2.50,-2864,-14852,-5756
2406,-42.60,6.61,-0.46,-7.05,-1.66,-1.87,-2796,-15040,-5564
2437,-43.09,6.67,-0.46,-11.62,0.52,-1.51,-2656,-14900,-6060
2463,-43.54,6.73,-0.46,-10.40,0.20,-0.51,-2856,-14948,-6468
2489,-44.13,6.80,-0.45,-9.89,-0.08,0.99,-2832,-14568,-6308
2526,-44.56,6.88,-0.44,-10.77,0.78,1.10,-2952,-14408,-6268
2551,-44.95,6.97,-0.45,-13.37,-0.48,-1.18,-3248,-14420,-6672
2577,-45.32,7.05,-0.45,-8.08,-2.03,-2.28,-3192,-14600,-6872
2603,-45.73,7.12,-0.45,-6.47,-2.52,-2.01,-2972,-14796,-6212
2628,-46.18,7.18,-0.45,-10.83,2.99,-0.44,-2752,-14760,-5644
2659,-46.55,7.25,-0.46,-22.47,3.99,-3.24,-2932,-14612,-6892
2685,-46.87,7.31,-0.47,-18.33,-2.99,-3.03,-3096,-14680,-7716
2711,-47.23,7.36,-0.44,-3.68,-0.52,1.56,-2852,-14196,-7060
2764,-47.54,7.45,-0.44,-9.83,1.86,1.82,-3240,-13912,-6748
2788,-47.82,7.54,-0.44,-13.14,-1.65,-2.17,-3376,-13996,-7276
2814,-48.07,7.64,-0.44,-7.95,-0.91,-2.09,-3576,-14200,-7516
2840,-48.32,7.73,-0.44,1.68,3.60,1.76,-3260,-13968,-7076
2866,-48.58,7.81,-0.44,-0.55,4.86,0.15,-3108,-13556,-6856
2892,-48.81,7.91,-0.45,-6.09,-1.56,-3.50,-3544,-13932,-7308
3224,-49.02,7.97,-0.48,1.07,-0.19,-1.35,-3192,-14116,-7376
3273,-49.25,8.05,-0.48,1.22,2.30,-1.93,-3228,-14072,-7200
3301,-49.48,8.10,-0.49,0.73,1.53,-2.49,-2960,-14100,-7204
3331,-49.71,8.16,-0.49,-1.56,0.24,-2.00,-3140,-14056,-7236
3360,-49.93,8.24,-0.50,1.73,1.85,-2.15,-3200,-14120,-7216
3400,-50.15,8.29,-0.50,1.67,0.27,-1.99,-3132,-14288,-7152
3430,-50.39,8.37,-0.54,-0.79,1.89,-1.97,-3000,-14172,-7072
3470,-50.61,8.43,-0.54,-0.58,4.03,-2.98,-3084,-14264,-7144
3503,-50.84,8.46,-0.55,-3.72,1.47,-4.35,-2836,-14388,-7296
3532,-51.04,8.49,-0.56,-4.33,1.23,-3.19,-2704,-14192,-7580
3562,-51.23,8.51,-0.56,-1.08,2.50,-1.19,-2632,-14016,-7612
3592,-51.37,8.56,-0.56,1.08,1.25,-0.89,-3056,-13696,-7728
3622,-51.54,8.60,-0.57,1.24,-2.49,-3.27,-2980,-13716,-7436
3652,-51.66,8.63,-0.62,3.99,-0.78,-3.30,-3024,-14196,-7320
3692,-51.87,8.66,-0.63,3.41,-1.72,-2.79,-2868,-14536,-7084
3720,-52.08,8.69,-0.63,0.59,0.82,-1.47,-2880,-14368,-6940
3750,-52.27,8.74,-0.63,-1.66,1.32,-1.31,-3032,-14280,-7156
3785,-52.45,8.78,-0.64,0.27,-0.56,-0.44,-3104,-14240,-7112
3815,-52.64,8.83,-0.64,-0.39,0.50,-2.44,-3120,-14260,-6996
3845,-52.82,8.87,-0.65,-3.64,-1.05,-3.14,-3100,-14292,-7140
3875,-53.13,9.02,-0.77,-2.44,1.79,-2.12,-3096,-14200,-7072
3958,-53.30,9.05,-0.78,-3.65,0.63,-3.01,-3000,-14212,-7324
3986,-53.44,9.09,-0.78,-1.49,1.56,-1.73,-3044,-14072,-7324
4016,-53.58,9.13,-0.79,-0.14,2.08,-1.85,-3096,-13956,-7288
4046,-53.73,9.17,-0.79,-2.80,1.18,-4.05,-3020,-13844,-7224
4076,-53.86,9.23,-0.85,-0.16,2.24,-3.18,-2916,-14092,-7604
4118,-53.98,9.25,-0.86,1.40,-0.14,-3.78,-2884,-14140,-7596
4146,-54.13,9.27,-0.86,0.86,-1.31,-2.77,-2844,-14328,-7228
4175,-54.27,9.28,-0.87,-0.31,-0.24,-1.55,-2792,-14196,-7252
4205,-54.40,9.31,-0.87,-1.53,0.68,-1.48,-2980,-14132,-7368
4235,-54.52,9.34,-0.87,0.59,-0.95,-2.03,-3068,-14116,-7384
4265,-54.66,9.37,-0.88,0.40,-1.05,-2.02,-3028,-14100,-7120
4295,-54.83,9.47,-0.92,-1.73,2.01,-1.35,-3172,-14084,-7284
4351,-54.95,9.49,-0.93,-0.11,0.05,-4.07,-3020,-14196,-7360
4384,-55.09,9.49,-0.94,-0.96,-0.95,-3.93,-2736,-14416,-7104
4413,-55.23,9.50,-0.94,-2.13,2.08,-0.37,-2760,-14380,-7136
4443,-55.34,9.53,-0.94,-1.26,0.98,0.64,-3140,-14128,-7464
4473,-55.45,9.56,-0.94,-2.44,-1.41,-3.93,-3080,-14100,-7180
4503,-55.66,9.56,-1.01,-4.44,0.60,-4.28,-2596,-14432,-7084
4557,-55.78,9.57,-1.01,-6.43,2.20,0.08,-2640,-14068,-7400
4585,-55.84,9.60,-1.01,-3.91,2.28,-0.84,-3108,-13832,-7824
4615,-55.91,9.62,-1.02,-0.22,-2.54,-1.99,-3088,-13912,-7776
4644,-56.01,9.64,-1.02,-0.35,-2.18,-1.84,-2980,-13984,-7140
4690,-56.12,9.67,-1.02,-0.22,1.73,-0.70,-3112,-14224,-7160
4719,-56.25,9.73,-1.07,-2.63,1.31,-2.81,-3176,-13904,-7212
4761,-56.33,9.76,-1.08,-2.32,1.24,-3.63,-3160,-13952,-7396
4789,-56.41,9.78,-1.09,-0.14,2.34,-2.30,-2920,-13972,-7456
4819,-56.47,9.80,-1.09,0.36,0.21,-1.33,-3044,-14152,-7656
4849,-56.56,9.82,-1.09,1.26,-0.08,-0.82,-2960,-14112,-7256
4879,-56.64,9.85,-1.09,-0.01,1.68,-1.40,-3180,-14140,-7276
4909,-56.72,9.88,-1.10,-1.60,2.69,-2.63,-3056,-13992,-7284
4944,-56.89,9.90,-1.21,-4.00,1.58,-5.21,-2756,-14376,-7552
4988,-56.97,9.89,-1.21,-3.92,0.40,-1.80,-2576,-14300,-7676
5017,-57.02,9.90,-1.21,0.79,2.48,1.99,-2860,-13868,-7660
5047,-57.05,9.93,-1.21,3.31,1.63,0.35,-3164,-13540,-7628
5076,-57.11,9.96,-1.22,-1.27,-1.99,-4.79,-3132,-13812,-7368
5106,-57.19,9.95,-1.23,-0.86,-0.08,-4.91,-2736,-14392,-7424
5136,-57.28,9.94,-1.24,-1.58,-1.05,-1.41,-2720,-14456,-7348
5166,-57.40,9.97,-1.25,-2.34,1.56,-0.77,-2868,-14200,-7252
5208,-57.49,9.99,-1.25,-3.90,0.44,-0.91,-3124,-14376,-7152
5241,-57.61,10.01,-1.26,-8.27,3.67,-2.09,-2900,-14144,-6740
5271,-57.75,10.07,-1.26,-10.42,11.44,-1.59,-3312,-14496,-6320
5301,-57.93,10.19,-1.27,-20.08,15.10,-3.86,-4116,-14684,-5552
5331,-58.19,10.37,-1.31,-45.24,10.75,-23.66,-5080,-14928,-4152
5361,-58.59,10.52,-1.39,-69.36,39.45,-39.93,-3900,-15496,-3384
5390,-60.35,11.61,-1.90,-106.64,71.31,-31.84,-2588,-14112,-6704
5430,-60.39,11.77,-1.95,-105.18,81.08,-25.61,-3336,-12920,-9464
5458,-60.29,11.88,-2.03,-100.34,77.47,-39.29,-2528,-10980,-10512
5792,-59.89,11.37,-2.06,-21.72,15.92,-1.20,7752,-5632,-13088
5835,-59.08,10.78,-2.00,18.90,22.22,27.54,6228,-6444,-15592
5863,-58.23,10.30,-1.96,20.86,21.99,22.58,3632,-4476,-12620
5893,-57.44,9.63,-1.96,19.76,13.46,-2.78,6136,-5084,-12244
5923,-56.75,9.01,-1.98,-12.80,-12.34,-7.81,5448,-6024,-13872
5953,-56.09,8.44,-1.97,-27.67,-14.29,1.62,4728,-5360,-13188
5983,-55.31,7.85,-1.96,-3.74,6.14,7.89,5568,-4304,-13548
6013,-54.97,7.07,-1.60,-19.47,-11.27,17.89,5760,-5536,-14432
6062,-54.27,6.46,-1.55,-45.99,-23.84,24.47,5608,-4264,-14264
6090,-53.55,5.88,-1.49,-40.15,-21.19,29.03,5352,-3604,-13576
6120,-52.81,5.38,-1.43,9.82,-21.04,31.75,4612,-4828,-14448
6150,-52.13,4.84,-1.35,-17.10,-28.75,39.52,5180,-4776,-14348
6179,-51.60,4.20,-1.23,-42.02,-33.50,41.13,5976,-5168,-13544
6209,-50.91,3.69,-1.17,-10.39,-29.95,27.91,4860,-4380,-14172
6239,-50.54,2.85,-0.57,-8.79,-19.97,22.42,3616,-6248,-16372
6291,-49.98,2.58,-0.53,-26.58,-9.33,16.24,3020,-6076,-16492
6338,-49.26,2.41,-0.53,-6.03,6.63,1.34,2052,-4060,-16632
6368,-48.60,2.21,-0.51,-9.27,16.31,12.02,2716,-4372,-15888
6398,-47.98,1.94,-0.48,-14.57,17.08,10.77,3348,-4316,-14248
6427,-47.45,1.74,-0.50,-0.27,-3.47,-6.87,1916,-5260,-13280
6457,-46.98,1.28,-0.83,-16.61,-16.07,-20.68,2596,-3164,-16220
6497,-46.32,1.00,-0.86,-3.02,-6.17,-16.97,3340,-3796,-15204
6525,-45.71,0.94,-0.93,16.21,15.92,-32.27,1044,-5048,-16348
6555,-45.03,0.95,-1.01,6.15,5.25,-41.79,-288,-3636,-16084
6584,-44.38,0.71,-1.09,-6.24,-10.19,-39.03,2592,-3040,-14472
6619,-43.77,0.41,-1.18,21.06,10.21,-44.00,4316,-4352,-14732
6649,-43.15,0.36,-1.28,18.07,4.47,-48.80,600,-3972,-15340
6679,-41.98,-0.49,-3.65,11.46,-9.69,-43.26,4564,-4332,-14852
6758,-41.31,-0.76,-3.72,10.04,-12.54,-33.27,3228,-2508,-14444
6786,-40.71,-1.12,-3.82,-17.89,-28.74,-34.60,3312,-1928,-12504
6817,-40.12,-1.58,-3.92,-25.86,-23.83,-47.20,5996,-2512,-14764
6847,-39.52,-1.92,-4.00,16.73,1.64,-39.82,5552,-3524,-16148
6877,-38.88,-2.21,-4.04,29.87,0.79,-21.35,4396,-2804,-14672
6912,-38.62,-2.62,-4.39,-17.13,1.78,-16.43,7512,-2644,-15948
6957,-38.17,-3.02,-4.39,-12.41,1.27,-0.52,7332,-4764,-16928
6985,-37.67,-3.35,-4.38,-17.07,-8.03,5.20,5696,-3544,-16252
7015,-37.04,-3.63,-4.35,-22.81,1.07,12.00,5180,-1184,-16788
7045,-36.43,-3.89,-4.32,-1.08,28.19,17.84,6040,-2048,-16924
7075,-35.85,-4.14,-4.28,17.72,40.42,17.29,5864,-2688,-15592
7105,-35.34,-4.32,-4.25,1.01,30.52,14.21,4320,-2908,-14668
7134,-35.17,-4.05,-3.81,-19.21,28.40,22.13,4876,-2100,-14312
7179,-34.65,-4.32,-3.76,-14.35,46.68,27.74,5852,-2008,-14328
7205,-34.14,-4.50,-3.69,-8.13,55.45,30.85,5232,-2352,-14876
7234,-33.68,-4.75,-3.62,-22.35,56.98,38.82,5748,-2372,-13808
7264,-33.28,-4.97,-3.54,-36.45,57.15,37.55,5564,-2652,-13948
7294,-32.86,-5.19,-3.47,-41.72,59.35,34.16,5648,-2228,-13908
7324,-32.48,-5.48,-3.40,-43.18,53.82,36.01,6656,-2652,-14152
7353,-32.57,-5.11,-2.88,-35.59,48.89,32.77,6744,-2428,-13960
7393,-32.14,-5.44,-2.82,-32.53,47.86,30.31,6972,-2196,-13860
7421,-31.84,-5.81,-2.73,-35.50,51.52,28.50,8144,-3176,-12868
7457,-31.43,-6.18,-2.68,-31.42,58.50,23.88,7980,-2308,-13748
7486,-31.01,-6.52,-2.63,-29.81,60.23,25.07,7672,-2028,-13756
7516,-30.55,-6.96,-2.59,-27.91,69.15,23.80,8500,-1372,-11804
7546,-30.14,-7.38,-2.55,-44.15,67.45,18.03,9320,-1636,-13408
7585,-30.58,-7.19,-2.38,-60.87,44.21,10.74,8568,-1232,-13344
7625,-30.21,-7.70,-2.34,-54.97,46.41,12.03,9968,-1076,-12072
7654,-29.76,-8.25,-2.32,-45.58,60.56,12.76,10860,-952,-12364
7684,-29.31,-8.78,-2.30,-42.65,59.15,10.29,10400,-824,-12260
7719,-28.84,-9.37,-2.28,-46.79,46.53,6.47,11324,-408,-12092
7749,-28.35,-10.01,-2.26,-44.66,49.12,9.67,11496,64,-11120
7793,-28.59,-10.23,-2.05,-37.61,24.82,9.09,12352,520,-10644
7841,-28.01,-10.95,-2.03,-27.46,25.89,13.43,11788,856,-10340
7869,-27.40,-11.65,-1.99,-21.18,18.50,19.94,11672,1260,-10464
7899,-26.80,-12.42,-1.95,-9.06,-2.78,16.56,12968,992,-10892
7929,-26.22,-13.17,-1.94,1.85,-28.64,5.41,12072,660,-11156
7958,-25.66,-13.92,-1.92,8.52,-40.69,13.85,11560,256,-11044
8304,-24.29,-15.83,-2.64,48.79,-79.65,-32.83,6348,-2760,-14344
8350,-23.93,-16.04,-2.72,55.84,-69.31,-41.53,5408,-3232,-14700
8378,-23.53,-16.19,-2.84,58.50,-62.44,-57.54,4744,-2708,-14924
8408,-23.16,-16.27,-2.97,36.84,-70.95,-67.18,3532,-2268,-14928
8437,-22.89,-16.39,-3.08,23.17,-67.92,-52.33,4536,-3504,-15444
8467,-22.63,-16.45,-3.18,49.71,-48.86,-50.23,4088,-4096,-15548
8497,-22.28,-16.40,-3.29,65.55,-44.79,-56.58,2576,-3152,-15188
8527,-21.50,-17.29,-3.95,45.07,-64.55,-43.88,3692,-4428,-14504
8571,-21.34,-17.25,-4.02,51.40,-62.20,-36.35,2592,-5320,-15412
8599,-21.18,-17.19,-4.10,59.56,-70.41,-26.53,1176,-6252,-15484
8629,-21.07,-17.17,-4.13,53.08,-77.19,-14.66,2424,-5816,-14956
8659,-21.01,-17.08,-4.16,49.82,-75.18,-17.27,1420,-6008,-14248
8689,-20.96,-16.88,-4.20,53.40,-66.50,-18.40,232,-6220,-14168
8719,-20.99,-16.65,-4.23,49.10,-60.50,-12.98,-176,-7364,-14092
8749,-20.64,-17.37,-4.63,29.50,-60.16,-22.72,-104,-7612,-13488
8792,-20.71,-17.06,-4.72,30.20,-57.50,-27.29,-1864,-7520,-13804
8826,-20.84,-16.69,-4.76,29.62,-53.53,-22.83,-1788,-7860,-13380
8856,-21.02,-16.37,-4.81,26.60,-45.10,-23.60,-1064,-8568,-13456
8886,-21.23,-16.03,-4.86,25.25,-40.21,-24.18,-1236,-8672,-12880
8916,-21.45,-15.62,-4.90,25.21,-34.47,-18.94,-2132,-8752,-12448
8946,-21.67,-15.20,-4.91,11.94,-20.03,-6.85,-2004,-8792,-12944
8976,-22.64,-14.92,-4.68,-33.74,-8.31,11.01,-2004,-9524,-13164
9021,-22.92,-14.42,-4.67,-39.24,11.49,5.85,-2432,-8292,-12776
9049,-23.14,-13.96,-4.67,-28.46,35.42,0.02,-1484,-8580,-13960
9084,-23.45,-13.47,-4.69,-26.20,41.87,-13.31,-1796,-9548,-12956
9114,-23.77,-12.99,-4.79,-36.98,29.69,-48.02,-2040,-8564,-11892
9153,-23.92,-12.49,-4.96,9.12,36.47,-87.19,-2376,-8820,-13616
9183,-24.47,-11.98,-6.40,-15.62,8.96,-79.79,-1396,-10076,-13104
9225,-24.74,-11.76,-6.59,-29.44,-7.31,-92.70,72,-9256,-13180
9253,-25.03,-11.67,-6.81,-8.41,-7.76,-113.88,1712,-9696,-12164
9283,-25.17,-11.49,-7.05,-14.06,-28.63,-120.44,-32,-7600,-12712
9313,-25.14,-11.32,-7.25,-32.92,-39.26,-97.14,-212,-5744,-15244
9348,-25.08,-11.21,-7.42,-20.94,4.04,-86.33,1844,-5984,-16228
9378,-25.02,-11.00,-7.60,34.89,44.63,-88.16,1560,-7340,-15400
9408,-25.31,-10.88,-8.70,-9.15,-4.57,-68.73,296,-6920,-10988
9448,-25.39,-10.94,-8.86,-17.76,-14.97,-81.56,3128,-6872,-12716
9476,-25.45,-10.99,-9.04,-8.40,-15.37,-90.03,3340,-7156,-13404
9506,-25.49,-10.93,-9.17,-52.60,-27.99,-65.43,1472,-6644,-15864
9536,-25.65,-11.00,-9.35,-43.72,-46.18,-88.82,2736,-7744,-13692
9580,-25.70,-10.99,-9.53,-97.36,-96.33,-91.53,340,-4888,-14620
9615,-25.59,-9.44,-16.21,-3.31,27.72,-123.63,2440,-4020,-19556
9693,-25.18,-9.52,-16.36,39.30,55.82,-76.38,6212,-3100,-18288
9721,-24.73,-9.46,-16.46,36.09,79.15,-47.60,3860,-1592,-14860
9750,-24.51,-9.21,-16.56,24.03,70.48,-34.74,2076,-4812,-14992
9780,-24.28,-8.90,-16.66,28.44,11.05,-49.53,-1696,-4664,-16588
9810,-23.80,-8.84,-16.86,31.11,-24.02,-102.16,972,-840,-13936
9840,-23.93,-9.75,-19.72,-12.05,-34.77,-142.78,5032,-4684,-13120
9885,-24.02,-9.70,-19.92,-16.19,-6.67,-99.89,1992,-7556,-14812
9918,-23.48,-9.92,-20.12,12.13,36.60,-101.74,5828,464,-12960
9947,-23.13,-10.27,-20.56,14.75,-3.15,-147.37,7732,-2476,-14968
9977,-23.11,-10.33,-20.82,18.55,-20.02,-128.64,3356,-6904,-15368
10007,-22.81,-10.61,-21.01,-16.63,-30.54,-95.33,5072,-1600,-12788
10037,-22.39,-11.11,-21.22,-60.60,-31.76,-102.54,9596,1288,-14940
10066,-23.62,-13.07,-22.53,-68.53,-95.13,-62.42,3388,-4000,-16580
10111,-23.03,-13.29,-22.60,-36.84,-28.46,-37.90,6808,3068,-17476
10139,-22.44,-13.14,-22.73,8.92,46.18,-61.24,2800,1516,-14880
10174,-21.90,-13.04,-22.90,45.09,125.66,-88.53,5248,76,-14080
10203,-21.50,-12.88,-23.11,25.44,100.14,-103.72,3496,-1028,-13164
10233,-21.07,-13.03,-23.32,21.76,120.85,-106.67,7556,-608,-11952
10263,-20.72,-13.14,-23.45,32.40,99.85,-62.05,10224,-2516,-18936
10292,-19.43,-13.13,-24.46,55.82,-12.44,-62.97,940,136,-20304
10332,-18.71,-13.41,-24.63,36.79,-63.35,-86.17,6292,3868,-15764
10360,-18.16,-13.86,-24.87,-2.13,-77.84,-120.73,6520,2120,-12044
10390,-17.81,-14.38,-25.13,-54.53,-72.36,-130.28,7956,1240,-12292
10735,-17.44,-13.30,-26.76,-20.52,40.18,-90.32,-1116,5092,-14864
10776,-16.85,-12.76,-27.05,-15.19,29.72,-97.00,-2644,4048,-15800
10805,-16.07,-12.13,-27.25,4.60,30.11,-102.78,-4488,5984,-14436
10834,-15.10,-11.75,-27.48,-10.96,42.70,-115.25,-732,8368,-12688
10864,-14.37,-11.38,-27.74,-33.34,47.00,-129.39,-540,7028,-15036
10894,-13.70,-10.86,-28.01,-9.79,35.15,-134.59,-3720,6612,-17660
10923,-13.04,-10.53,-28.36,18.69,10.94,-117.19,-1436,5648,-18964
10953,-12.61,-10.32,-30.10,-10.11,-4.66,-82.76,-1012,4004,-11732
11002,-11.86,-9.89,-30.24,13.97,10.44,-68.09,-3372,7496,-17036
11030,-10.97,-9.46,-30.45,30.50,10.27,-105.27,-2996,8116,-13948
11060,-10.32,-9.28,-30.65,23.24,9.53,-103.26,376,5216,-14944
11090,-9.89,-8.94,-30.85,23.55,9.00,-99.72,-1804,2400,-15176
11119,-9.61,-8.35,-31.12,23.49,-7.60,-130.98,-6552,584,-16600
11149,-9.04,-7.83,-31.37,96.15,10.50,-125.19,-4804,2744,-16124
11179,-6.32,-7.68,-33.45,141.80,-4.92,-109.59,-1164,-1284,-15156
11223,-6.01,-7.26,-33.71,101.35,-70.77,-133.03,-5176,-196,-13948
11256,-5.71,-6.87,-33.94,75.05,-88.24,-112.24,-5644,388,-14908
11285,-5.53,-6.61,-34.12,61.56,-20.07,-92.76,-2976,-888,-20032
11315,-5.60,-6.21,-34.35,-15.40,62.39,-111.31,-2544,-2676,-19736
11344,-5.83,-6.04,-34.60,-62.61,39.02,-128.37,448,-2632,-13792
11388,-6.58,-5.73,-37.74,-26.30,-32.21,-196.05,-9268,-6340,-11772
11428,-6.36,-5.30,-38.17,18.11,50.03,-213.96,-3100,772,-16280
11456,-5.93,-5.39,-38.52,39.69,24.41,-175.06,3068,2928,-13980
11485,-6.10,-5.08,-38.79,29.18,-83.73,-137.95,-3516,-3360,-9972
11520,-6.38,-4.42,-39.05,55.89,-74.02,-126.89,-12436,-9208,-15084
11550,-6.09,-4.28,-39.22,45.33,-14.78,-86.21,-1356,1304,-20120
11579,-6.03,-4.19,-39.27,4.77,6.84,-25.43,96,-1068,-16116
11609,-6.47,-4.87,-39.64,3.23,-68.50,-19.50,-7764,-9276,-13428
11653,-6.54,-4.70,-39.61,51.85,-6.54,15.16,-1456,-4684,-17384
11681,-6.65,-4.50,-39.60,62.16,56.45,6.90,108,-5288,-16052
11711,-7.23,-4.25,-39.57,15.92,-29.20,15.36,-2864,-9300,-11996
11741,-7.70,-4.09,-39.66,-51.01,-65.52,-46.53,-3444,-8364,-16800
11776,-8.11,-3.66,-39.79,-14.13,-10.51,-62.69,-5888,-8504,-15828
11805,-8.58,-3.32,-39.93,-49.98,-10.92,-74.50,-4364,-7796,-14984
11835,-9.29,-2.64,-42.37,-22.24,17.30,-122.02,-3848,-6056,-14092
11879,-9.39,-2.21,-42.64,26.93,10.33,-134.30,-4552,-4352,-13812
11907,-9.74,-1.89,-43.02,16.60,-48.63,-187.36,-4988,-7400,-12608
11936,-9.77,-1.55,-43.48,131.91,-40.28,-231.35,-6464,-8180,-16764
11966,-9.89,-1.41,-43.91,60.88,4.67,-215.27,-1400,-6408,-15980
12005,-10.51,-1.11,-44.52,9.63,-7.79,-203.40,-3172,-8368,-8680
12041,-9.62,-2.03,-47.24,56.18,-38.79,-136.10,2692,-6172,-15816
12084,-10.02,-2.23,-47.59,6.63,-0.21,-114.73,3568,-8828,-14564
12112,-10.75,-2.48,-47.93,-33.85,0.94,-115.49,3676,-9308,-9872
12142,-11.15,-2.37,-48.13,22.73,-37.10,-99.18,-1620,-7184,-10864
12172,-11.37,-2.52,-48.30,27.58,-33.15,-82.91,2164,-7480,-16172
12201,-11.77,-2.75,-48.43,-14.56,10.69,-66.23,4676,-9004,-14768
12231,-12.36,-3.02,-48.57,-25.09,-8.41,-70.77,3864,-9244,-10924
12260,-11.51,-3.71,-52.35,49.34,-23.82,-134.95,1700,-12172,-15644
12316,-11.86,-3.84,-52.66,44.50,22.09,-154.71,4340,-10912,-16024
12344,-12.39,-4.03,-53.01,45.20,24.23,-172.69,4552,-11528,-11476
12374,-12.88,-4.17,-53.34,49.16,-9.62,-168.47,2356,-8856,-9652
12403,-12.85,-4.55,-53.70,6.93,-11.79,-120.22,5664,-3308,-14168
12433,-12.90,-5.09,-53.89,28.97,15.59,-92.08,8280,-4808,-11860
12463,-10.59,-5.70,-61.02,52.76,-6.73,-134.63,5560,-9884,-13340
12541,-10.52,-6.16,-61.33,99.03,-2.73,-155.97,7444,-4564,-13184
12574,-10.57,-6.77,-61.64,141.37,14.49,-154.91,10068,-7364,-10500
12603,-10.72,-7.62,-61.91,62.39,-24.13,-131.32,10828,-6008,-8008
12633,-11.27,-8.24,-62.19,-46.90,-91.53,-140.11,7204,-8172,-9968
12662,-11.57,-8.80,-62.45,-41.76,-82.77,-131.90,8500,-6828,-14192
12692,-11.48,-11.71,-64.55,15.93,-150.28,-123.19,6336,-4460,-10428
12733,-11.70,-12.38,-64.78,-34.82,-157.71,-119.40,7136,-4692,-11644
12761,-11.75,-12.84,-65.00,-12.00,-28.05,-107.37,8340,-3540,-12520
12790,-11.83,-13.27,-65.22,-5.59,-25.03,-112.02,7368,-3644,-11188
13122,-11.43,-17.13,-65.75,2.92,-154.18,-21.23,4440,1272,-14340
13170,-10.97,-17.37,-65.80,-25.31,-104.84,-22.74,3460,2576,-9872
13198,-10.48,-17.63,-65.85,40.47,-10.89,-23.82,6656,2256,-11536
13242,-9.90,-17.29,-66.01,62.37,38.34,-79.39,1192,3536,-15876
13272,-9.74,-17.07,-66.31,-69.93,17.41,-154.46,2396,1360,-16396
13301,-9.43,-16.87,-66.67,-21.34,10.60,-177.33,2232,2212,-16124
13331,-8.44,-16.24,-69.35,58.38,36.02,-167.63,3432,-1336,-13632
13371,-8.29,-16.06,-69.67,20.14,48.47,-160.27,3000,-712,-14712
13404,-8.06,-15.74,-69.96,0.82,15.00,-143.93,532,804,-16600
13434,-7.98,-15.44,-70.26,21.50,15.73,-151.76,660,-1608,-15624
13464,-7.99,-15.24,-70.54,-17.06,12.76,-139.36,1928,-2028,-16552
13494,-7.86,-15.24,-70.70,-38.79,-29.02,-78.07,3552,684,-16008
13523,-7.53,-15.24,-70.85,-22.18,-46.89,-50.79,2452,3460,-16516
13553,-7.43,-15.58,-71.80,-20.36,-37.92,-59.52,632,3352,-14036
13593,-7.27,-15.89,-71.85,-40.60,31.92,-21.79,7104,1036,-10344
13631,-6.84,-15.63,-71.89,-47.59,-7.82,-13.50,428,6328,-16188
13666,-6.43,-15.48,-71.91,-26.54,-31.78,-9.66,1484,4768,-16300
13696,-5.98,-15.42,-71.89,-16.14,-25.08,8.15,2876,4792,-14960
13726,-5.39,-15.25,-71.85,-7.83,-12.46,18.98,1592,7032,-15608
13756,-4.66,-15.21,-71.89,8.39,-11.81,-1.87,792,6748,-15156
13798,-4.13,-14.89,-71.91,23.84,5.24,-12.56,-4,5044,-14208
13827,-3.69,-14.65,-71.93,19.93,19.32,-10.72,1240,4184,-14568
13857,-3.31,-14.51,-71.92,21.98,26.25,5.40,2728,3456,-14724
13887,-3.17,-14.37,-71.84,16.47,-5.25,38.28,2808,892,-22484
13922,-2.56,-14.35,-71.85,66.52,-31.05,-5.04,3004,5952,-15560
13951,-2.13,-14.28,-71.96,95.65,-10.30,-51.30,2856,2708,-16124
13981,-0.89,-14.02,-74.29,52.39,2.84,-111.30,1016,1536,-14544
14026,-0.78,-13.85,-74.55,27.60,2.82,-125.69,1560,552,-14824
14054,-0.50,-13.71,-74.81,36.69,2.39,-131.21,1952,2640,-15432
14084,-0.26,-13.51,-75.07,48.99,-5.82,-130.42,848,1692,-15036
14114,-0.21,-13.18,-75.38,36.43,-18.32,-156.18,-1336,-284,-16148
14144,-0.01,-13.00,-75.72,31.76,-44.24,-170.21,-24,1900,-15912
14179,0.08,-12.84,-75.97,27.89,-51.30,-121.70,-68,432,-15664
14208,0.37,-13.33,-78.24,16.41,-46.31,-126.13,-892,28,-15536
14250,0.44,-13.09,-78.48,-0.54,-31.78,-121.01,-576,1156,-16616
14278,0.41,-12.80,-78.73,-14.61,-16.91,-125.99,-944,12,-16720
14308,0.23,-12.49,-78.98,-20.58,-17.40,-123.76,-1168,-1652,-15012
14338,0.34,-12.10,-79.19,-43.61,-18.30,-105.15,-2584,2912,-16476
14368,0.47,-11.53,-79.40,-1.80,-2.46,-106.39,-4744,2060,-16132
14398,0.56,-11.10,-79.60,17.71,2.17,-100.23,-2916,876,-16160
14433,0.91,-11.38,-80.98,40.68,-31.44,-85.96,140,-3860,-15728
14472,0.80,-11.46,-81.12,37.26,-29.36,-72.05,3764,-2392,-16268
14501,0.62,-11.33,-81.26,-25.34,-34.62,-69.88,364,-1508,-15684
14530,0.43,-11.06,-81.42,-49.18,-37.90,-79.67,-1644,-1164,-15768
14560,0.27,-10.59,-81.63,-48.14,-39.08,-105.18,-4184,-728,-14332
14590,-0.02,-10.26,-81.91,-13.26,-39.81,-139.05,-2692,-3536,-15100
14634,0.89,-10.72,-83.37,63.36,-53.68,-91.42,-2740,-1324,-17508
14675,0.80,-10.19,-83.55,32.89,-9.56,-90.41,-5272,-2248,-17724
14708,0.64,-9.74,-83.77,22.81,52.05,-109.40,-2192,-2840,-16904
14738,0.21,-9.36,-83.97,-15.92,24.65,-102.42,-1796,-4904,-14200
14768,-0.12,-9.15,-84.16,-9.44,-23.95,-92.83,-892,-3788,-13544
14797,-0.26,-8.73,-84.51,-7.50,-21.60,-117.98,-3828,-1592,-14336
14827,-0.38,-8.29,-84.86,17.96,2.34,-114.04,-3776,-2520,-16180
14867,-1.04,-9.37,-86.72,-13.84,-57.30,-77.80,-1224,-4036,-12960
14917,-1.34,-8.84,-86.93,-7.04,-48.76,-105.17,-6368,-4488,-15108
14945,-1.47,-8.22,-87.16,39.19,-15.49,-112.66,-7384,-3824,-16620
14980,-1.55,-8.05,-87.30,9.90,-10.26,-68.06,-344,-1832,-16056
15009,-1.84,-7.64,-87.37,-10.40,-23.54,-38.81,-4040,-4068,-14576
15039,-2.00,-6.96,-87.48,19.77,8.53,-54.79,-8240,-3828,-16764
15069,-1.41,-6.04,-88.59,40.83,43.58,-55.11,1012,-3292,-14972
15113,-1.67,-5.78,-88.68,21.25,2.69,-45.74,-1528,-3704,-12224
15141,-2.52,-5.52,-88.75,-84.63,-51.81,-37.73,-3856,-10508,-13976
15171,-3.13,-5.16,-88.93,-93.02,-36.50,-89.96,-5096,-7572,-16612
15201,-3.37,-4.98,-89.14,-14.10,17.77,-105.96,-760,-4480,-17780
15548,-3.06,-7.16,-95.33,13.21,-40.73,-110.42,636,-5960,-13548
15628,-3.38,-6.96,-95.52,11.50,-60.71,-96.89,-2300,-5144,-13800
15656,-3.73,-6.88,-95.68,-20.79,-30.20,-81.30,4,-5796,-16700
15686,-4.19,-6.72,-95.86,-10.54,7.50,-85.87,-140,-7524,-15752
15716,-4.53,-6.44,-96.05,18.62,-25.81,-98.26,-2596,-5904,-13720
15746,-4.79,-6.37,-96.22,23.22,-35.93,-85.09,-200,-5640,-15568
15775,-5.01,-6.18,-97.80,18.56,4.40,-83.03,324,-8476,-13000
15819,-5.60,-6.01,-98.00,2.66,-28.24,-100.44,-1148,-7548,-10792
15852,-6.12,-5.96,-98.21,-33.43,-64.58,-102.73,-764,-6604,-12344
15882,-6.43,-5.92,-98.38,-19.90,6.19,-89.15,1600,-6680,-18352
15912,-6.91,-5.87,-98.53,46.24,-46.85,-74.21,-268,-7772,-11088
15942,-7.38,-5.50,-98.75,-35.82,20.08,-107.95,-5136,-12172,-23736
15972,-7.66,-5.19,-99.03,-20.04,-22.38,-142.15,-3300,-5368,-14820
16002,-8.30,-5.73,-101.36,-16.72,-30.73,-116.44,480,-6172,-14340
16057,-8.60,-5.84,-101.61,14.70,-37.47,-125.89,2092,-6644,-14312
16085,-8.83,-6.07,-101.89,23.09,-32.27,-137.67,3788,-5828,-13440
16120,-9.24,-6.11,-102.20,-22.78,-20.57,-153.82,1516,-6808,-13252
16150,-9.60,-6.15,-102.50,-79.97,-4.56,-153.29,1944,-4892,-13704
16179,-10.00,-6.18,-102.79,-107.60,13.04,-144.08,2528,-5248,-14996
16209,-10.86,-6.29,-105.07,-43.49,-12.33,-126.34,188,-4244,-16536
16251,-10.95,-6.34,-105.31,-14.51,-46.56,-120.56,1296,-4140,-16308
16279,-10.74,-6.60,-105.57,18.85,-49.75,-133.50,4272,-580,-16524
16309,-10.71,-6.99,-105.83,-0.71,-14.30,-129.45,6276,-2428,-13572
16344,-10.81,-6.76,-106.02,-31.24,-1.92,-95.61,-1308,-3816,-16580
16374,-10.75,-6.92,-106.22,-24.57,-23.05,-97.11,3600,-1556,-16128
16403,-10.69,-7.12,-106.41,-9.46,-18.93,-97.58,4272,-1984,-16108
16433,-9.75,-7.24,-107.15,56.50,-8.50,-45.97,1504,-1796,-12884
16473,-9.67,-7.30,-107.31,-26.70,6.01,-83.05,2472,-748,-12912
16525,-9.81,-7.51,-107.51,-22.48,-15.31,-96.69,5368,-4848,-17748
16555,-9.91,-7.52,-107.60,15.79,-33.27,-46.05,1584,-5256,-17936
16585,-9.81,-7.64,-107.64,48.69,-13.54,-18.95,3192,-2408,-14376
16619,-9.86,-8.03,-107.76,-12.94,-1.78,-39.15,7104,-2932,-13764
16649,-11.46,-8.00,-108.42,-116.21,-17.95,-41.70,-2396,424,-17400
16689,-11.35,-8.07,-108.49,-16.09,-10.43,-35.44,3076,-1292,-16580
16717,-11.19,-8.26,-108.55,24.19,-2.57,-27.44,4540,-1464,-14400
16747,-11.26,-8.33,-108.58,-19.67,-2.27,-18.11,2920,-3340,-13972
16777,-11.28,-8.31,-108.61,-51.37,5.40,-11.00,2052,-1772,-14320
16806,-10.91,-8.32,-108.62,83.54,-2.18,-4.18,2372,-304,-15708
16836,-10.68,-8.45,-108.68,30.66,-34.56,-33.27,3740,-792,-18440
16871,-9.97,-9.54,-109.91,29.36,-46.43,-58.60,3772,-1380,-14020
16916,-9.77,-9.59,-110.05,36.25,-41.56,-67.45,2044,-904,-14772
16944,-9.58,-9.53,-110.27,73.84,-57.11,-112.21,264,-1952,-14776
16974,-9.66,-9.49,-110.61,8.66,23.06,-168.84,2352,-3372,-13104
17004,-9.88,-9.32,-110.99,-24.27,75.24,-191.87,2484,-5432,-16036
17033,-10.07,-9.14,-111.30,-26.67,36.96,-153.27,1244,-5412,-17752
17063,-9.88,-8.95,-111.51,-9.15,-30.05,-103.70,-796,152,-15720
17093,-10.14,-8.42,-114.60,-4.51,31.37,-147.11,3736,-4612,-13640
17142,-10.11,-8.30,-114.87,-31.35,19.10,-135.72,1292,-1672,-17192
17170,-9.80,-8.27,-115.11,-18.09,-37.32,-121.24,868,1912,-15680
17200,-9.49,-8.45,-115.37,29.49,-60.44,-127.63,2636,676,-13124
17230,-9.57,-8.38,-115.65,-35.32,38.54,-141.44,2216,-2600,-14072
17259,-9.41,-8.25,-115.88,-39.58,19.91,-115.57,1188,732,-17348
17289,-8.95,-8.46,-116.06,48.76,-44.52,-92.80,3984,2536,-15380
17319,-7.91,-8.67,-117.90,63.24,-8.44,-114.66,3108,-1688,-14116
17360,-7.95,-8.42,-118.14,-39.73,64.22,-119.64,712,-1780,-16756
17393,-7.72,-8.42,-118.33,-5.36,3.09,-93.99,2708,1268,-18164
17422,-7.51,-8.55,-118.49,28.08,-30.32,-82.90,3372,44,-15708
17452,-7.48,-8.60,-118.68,4.27,3.58,-91.31,3072,-1732,-15288
17482,-7.28,-8.67,-118.82,-1.43,6.17,-74.52,3840,764,-16932
17511,-7.27,-9.03,-118.93,32.79,-13.47,-34.13,7496,-3608,-15768
17541,-6.98,-9.70,-119.66,9.78,-39.28,-46.13,3300,-12,-15776
17581,-6.87,-9.74,-119.79,-10.85,-34.04,-62.49,2012,-172,-14028
17609,-6.82,-9.74,-119.92,-16.21,-12.25,-67.55,1964,-668,-12752
17945,-6.23,-9.91,-122.04,39.29,-18.76,-95.98,-576,-5856,-16556
17991,-6.18,-9.65,-122.24,23.67,-21.31,-101.40,-1448,-1628,-15172
18019,-6.06,-9.40,-122.45,19.52,-14.18,-104.36,-1244,-596,-16332
18059,-6.32,-9.09,-122.68,-106.27,3.42,-115.40,-1500,-2268,-14944
18089,-6.66,-8.79,-122.93,-127.69,-15.81,-124.49,-2040,-2948,-15096
18118,-6.50,-8.53,-123.16,-56.64,-28.57,-116.75,-1820,1816,-14932
18148,-6.62,-9.23,-125.64,-7.73,-41.69,-130.45,1224,-1376,-14860
18192,-6.57,-9.17,-125.94,-17.68,-37.22,-151.61,820,-668,-16804
18225,-6.30,-8.89,-126.20,35.44,-12.59,-127.45,-1852,1076,-16752
18255,-6.20,-8.68,-126.41,35.14,-19.51,-104.31,-940,-1368,-16360
18299,-6.38,-8.53,-126.61,-101.69,-12.60,-100.66,-136,-1464,-15924
18328,-6.53,-8.08,-126.87,-97.67,35.79,-131.00,-3176,-1312,-17208
18358,-6.91,-7.19,-129.19,-36.15,48.28,-144.84,440,680,-14764
18436,-6.67,-6.90,-129.44,18.80,8.99,-125.96,-1860,904,-15960
18464,-6.42,-6.76,-129.70,10.53,6.98,-129.79,236,1340,-16116
18494,-6.18,-6.81,-129.97,-16.30,-0.89,-135.39,2616,2116,-15888
18529,-5.93,-6.64,-130.25,-25.83,-3.96,-139.85,-544,2204,-14452
18558,-5.33,-7.76,-132.17,19.77,-67.10,-96.08,-912,1288,-15248
18603,-5.07,-7.40,-132.35,43.55,-56.50,-89.22,-4840,1032,-17328
18631,-4.86,-7.01,-132.52,38.72,-21.85,-83.32,-4624,604,-18284
18661,-4.64,-6.76,-132.67,3.80,7.11,-74.92,-1424,1592,-17128
18690,-4.53,-6.18,-132.82,-15.37,14.31,-77.87,-5588,760,-14356
18720,-4.37,-5.52,-132.95,22.75,13.93,-63.66,-7412,332,-15752
18750,-4.08,-5.22,-132.98,57.15,15.72,-13.90,-2356,1288,-17128
18785,-3.21,-4.80,-133.26,49.51,29.87,-15.02,3360,-1832,-16000
18827,-3.21,-4.33,-133.36,35.24,17.74,-47.21,-4180,-1624,-13572
18856,-3.79,-4.60,-133.45,-86.32,-26.65,-49.18,3752,-5788,-12516
18885,-4.15,-4.44,-133.62,-122.77,-29.73,-84.85,-2008,-3008,-17528
18915,-4.22,-4.16,-133.81,-37.53,8.05,-92.97,-2680,-1356,-18036
18945,-4.18,-3.77,-134.01,-35.05,34.21,-99.94,-3520,464,-16424
18975,-4.14,-3.48,-134.22,-45.02,47.13,-103.82,-1596,452,-14352
19010,-3.77,-4.59,-137.14,16.74,-78.63,-146.04,-4820,-476,-15068
19054,-3.63,-4.49,-137.51,30.32,-84.67,-184.69,-2940,100,-19484
19082,-3.29,-4.35,-137.80,45.92,-11.73,-147.57,-1448,3248,-21464
19112,-3.13,-4.12,-138.04,54.66,40.87,-118.47,-996,-220,-16932
19142,-2.88,-3.65,-138.29,32.51,20.69,-123.51,-3708,1452,-12028
19171,-2.66,-3.53,-138.54,2.69,-67.14,-124.94,-2488,2056,-15044
19201,-2.65,-3.55,-138.75,-7.94,-28.36,-107.65,688,-508,-18068
19231,-2.70,-3.20,-140.39,-6.80,8.58,-96.44,-1732,244,-14156
19277,-2.55,-3.14,-140.56,1.21,-32.90,-83.16,-944,1320,-16808
19305,-2.57,-3.17,-140.70,26.20,-8.13,-71.46,1124,-1780,-16664
19334,-2.80,-3.13,-140.86,24.86,-0.73,-78.94,284,-3780,-12572
19374,-2.83,-2.96,-141.01,-11.51,-52.18,-73.91,-2832,-756,-15184
19403,-2.97,-2.98,-141.19,-5.95,-23.81,-61.67,224,-2876,-17820
19433,-2.97,-2.52,-142.16,-2.16,3.57,-60.34,-3740,-324,-11784
19474,-3.12,-2.16,-142.30,-23.35,-27.57,-73.64,-4876,-2112,-14764
19502,-3.19,-2.08,-142.43,-3.05,-29.37,-62.34,-1428,-2108,-18380
19537,-3.36,-1.93,-142.56,-0.34,19.75,-64.83,-992,-3260,-15784
19566,-3.66,-1.47,-142.71,-18.17,11.82,-73.98,-4596,-3820,-12040
19596,-3.77,-1.31,-142.90,-8.57,24.76,-96.52,-1784,-3400,-22984
19625,-3.73,-1.16,-143.07,32.31,10.69,-85.68,-1640,-1552,-18352
19655,-3.13,-0.98,-144.73,53.04,-5.00,-103.47,-3376,-4436,-15764
19695,-3.20,-0.81,-144.93,66.82,-23.34,-102.52,-2736,-3780,-15768
19723,-3.26,-0.80,-145.14,57.33,-23.85,-103.86,-576,-3100,-14908
19753,-3.50,-0.68,-145.33,13.60,2.90,-95.89,-1244,-4272,-14184
19802,-4.00,-0.59,-145.51,-33.47,-1.90,-89.73,-1200,-6912,-14804
19832,-4.46,-0.55,-145.67,-37.95,-14.50,-76.99,-720,-6308,-14408
19861,-5.07,-0.93,-147.18,-20.72,-17.40,-72.33,408,-3812,-15660
19906,-5.51,-1.10,-147.29,-1.15,21.79,-53.89,2812,-6396,-12392
19934,-5.89,-1.14,-147.33,4.53,38.91,-21.47,2312,-7692,-16212
19963,-5.96,-1.01,-147.34,22.70,48.37,-0.66,436,-3384,-15324
19993,-5.95,-0.79,-147.39,3.95,49.69,-28.38,-1436,-1704,-15624
20023,-6.03,-0.84,-147.54,-45.37,20.83,-71.34,1364,-1420,-15064
20369,-6.61,-2.10,-149.98,-26.32,-47.39,-116.27,3396,-1792,-12180
20413,-7.17,-2.54,-150.22,-97.23,-6.48,-121.02,4816,-5132,-10044
20441,-7.26,-2.63,-150.34,120.18,-17.18,-58.92,2080,-8764,-19884
20471,-7.20,-2.70,-150.46,127.92,-42.83,-59.21,568,-4500,-15068
20501,-7.25,-2.88,-150.54,53.75,-13.07,-40.20,2704,-3968,-14500
20530,-7.49,-2.85,-150.52,-18.71,25.40,9.75,1288,-5396,-17136
20560,-7.29,-2.88,-150.57,2.96,-23.40,-28.89,656,676,-18852
20590,-7.66,-3.57,-152.85,-38.65,-26.73,-151.82,4172,688,-13184
20634,-8.03,-3.55,-153.20,-41.41,53.68,-172.42,2088,-5476,-13388
20662,-8.26,-3.45,-153.55,-37.83,91.16,-176.96,2252,-4784,-16384
20692,-8.35,-3.59,-153.87,-3.01,20.15,-157.73,3784,-3776,-17000
20721,-8.22,-3.90,-154.08,30.84,-50.39,-108.01,3660,-1252,-14484
20751,-8.08,-4.28,-154.23,63.17,-55.61,-74.91,4328,-1888,-13708
20781,-8.04,-4.41,-154.43,43.18,-4.13,-96.75,2956,-2972,-16032
20811,-8.16,-4.67,-156.38,-13.41,-1.71,-102.98,4904,-432,-16868
20855,-7.94,-4.90,-156.63,-4.02,-29.17,-122.11,3608,868,-15268
20888,-7.83,-5.00,-156.93,23.49,-41.31,-150.16,1464,-1232,-14748
20928,-7.81,-5.22,-157.16,-2.28,-38.85,-114.63,3224,-1720,-14556
20957,-7.79,-5.33,-157.44,-40.30,-9.50,-95.71,2324,-244,-14408
20987,-7.61,-5.47,-157.62,-10.51,-29.15,-89.90,2492,608,-14728
21017,-7.95,-5.72,-159.65,-25.52,-2.50,-101.11,4220,44,-15468
21061,-7.75,-5.84,-159.81,-8.85,-19.82,-81.97,3020,984,-17312
21089,-7.41,-5.95,-159.95,4.85,-56.54,-69.37,1788,2620,-17040
21119,-7.10,-6.19,-160.09,4.54,-49.46,-71.46,3544,2092,-15212
21154,-6.91,-6.31,-160.30,-15.18,2.33,-106.21,3544,1012,-15940
21183,-7.09,-6.51,-160.45,-20.21,8.14,-71.67,5184,-4304,-16604
21213,-7.08,-6.63,-160.55,-25.64,-33.97,-50.48,2736,-1196,-16344
21242,-7.55,-12.15,-163.04,-10.40,-102.44,-43.70,-1104,-408,-18072
21323,-7.18,-12.43,-163.11,30.79,-97.31,-35.47,4960,2436,-16808
21351,-6.95,-12.48,-163.20,21.23,-81.33,-47.55,1996,700,-15832
21380,-6.94,-12.14,-163.31,-22.36,-55.17,-51.44,-2640,-1120,-14728
21410,-6.74,-12.11,-163.35,-17.17,-69.74,-22.93,1064,1212,-15880
21445,-6.84,-12.55,-163.10,-6.89,-70.58,16.73,-4464,-1680,-14076
21484,-6.94,-12.07,-163.08,-48.48,-62.73,9.16,-4140,-1644,-13012
21512,-6.81,-11.87,-163.02,-75.09,-41.34,31.82,-756,2176,-18112
21542,-6.75,-11.50,-162.97,-63.89,-55.76,25.07,-3124,576,-14812
21585,-6.60,-11.09,-162.94,-39.60,-96.64,15.49,-4628,1256,-13696
21615,-6.30,-10.72,-162.88,-44.66,-72.57,28.57,-4428,3884,-16816
21645,-6.87,-10.93,-162.59,-57.00,-60.79,19.51,-5800,1860,-13408
21689,-6.53,-10.41,-162.54,-43.86,-67.76,25.39,-5724,3812,-13828
21717,-6.09,-9.74,-162.48,-28.43,-93.69,27.99,-8632,5064,-12624
21747,-5.73,-9.20,-162.41,-41.30,-88.14,34.72,-7008,4400,-13588
21776,-5.46,-8.72,-162.31,-45.89,-79.11,33.43,-6552,3748,-12856
21806,-5.13,-8.08,-162.28,-50.71,-78.30,17.94,-7720,4060,-12200
21836,-4.66,-7.33,-162.23,-44.18,-72.72,24.20,-10020,6432,-11808
21865,-5.20,-7.74,-161.88,-50.98,-64.38,16.73,-9924,5744,-10992
21911,-4.66,-6.91,-161.85,-39.42,-52.50,14.92,-11012,7660,-11484
21944,-4.15,-6.02,-161.85,-30.94,-37.39,-2.38,-10952,6668,-10440
21974,-3.56,-5.13,-161.87,-22.56,-14.40,-6.73,-11672,8396,-11132
22003,-2.89,-4.22,-161.89,19.47,-6.35,-9.08,-12752,8848,-11772
22033,-2.26,-3.29,-161.94,42.63,27.05,-24.03,-11740,7560,-11896
22063,-1.59,-2.31,-162.00,72.46,44.44,-31.33,-11668,7220,-11140
22092,0.92,0.13,-162.93,84.24,65.17,-36.89,-10388,5796,-11012
22142,1.47,0.94,-163.02,76.95,69.95,-49.07,-9148,5756,-12252
22170,1.93,1.72,-163.12,101.08,54.80,-46.03,-8844,3968,-12356
22204,2.40,2.46,-163.19,141.68,25.51,-37.99,-9856,3384,-12848
22244,2.72,3.10,-163.30,126.53,25.23,-54.77,-8648,1648,-13952
22273,2.91,3.78,-163.40,127.44,25.10,-50.95,-9512,-124,-13684
22303,4.87,4.58,-164.07,135.21,11.69,-41.58,-9312,-1380,-13472
22342,4.88,5.26,-164.21,100.25,23.23,-48.37,-9284,-2700,-12892
22370,4.82,5.84,-164.30,82.58,26.76,-41.84,-8352,-1716,-13348
22400,4.73,6.37,-164.36,101.74,-1.89,-32.83,-8380,-2608,-12916
22429,4.50,6.93,-164.45,95.40,-4.31,-29.28,-8684,-5408,-11296
22762,4.69,6.76,-164.62,63.11,-34.52,-9.08,-8420,-11460,-8076
22805,3.68,7.19,-164.64,35.19,-8.37,-9.37,-8388,-13196,-7492
22833,2.70,7.60,-164.65,34.11,-3.20,-5.15,-7400,-11748,-7344
22863,1.84,8.02,-164.65,52.32,-26.31,0.14,-7660,-10600,-7004
22892,0.95,8.44,-164.65,64.04,-45.19,3.23,-9244,-12596,-6048
22922,-0.08,8.86,-164.64,18.07,-18.08,0.48,-9200,-14056,-5872
22952,-1.24,9.24,-164.66,-22.58,8.21,-6.52,-7764,-14276,-5512
22982,-2.15,9.55,-164.67,3.63,-11.95,-0.85,-9928,-12804,-4184
23030,-3.20,10.07,-164.69,-21.81,8.96,-3.49,-9900,-13668,-4280
23059,-4.36,10.54,-164.70,-50.62,39.29,-7.87,-8408,-14192,-4300
23089,-5.43,11.02,-164.72,-49.73,49.23,-8.53,-7860,-12576,-5420
23119,-6.39,11.49,-164.76,-60.47,37.12,-22.92,-8136,-11660,-7048
23148,-7.51,12.12,-164.83,-102.77,67.79,-20.43,-9068,-12304,-6712
23178,-8.41,12.51,-164.83,-103.56,76.95,-4.52,-6332,-10384,-9548
23208,-10.43,13.24,-165.20,-77.32,27.60,-19.13,-6160,-9596,-10904
23252,-11.24,13.64,-165.23,-99.69,53.85,-14.27,-7620,-10680,-9540
23285,-11.90,13.89,-165.24,-112.03,72.53,-8.89,-5216,-8840,-12276
23315,-12.35,13.99,-165.28,-70.10,37.24,-15.47,-3996,-6912,-12752
23344,-12.85,14.20,-165.30,-42.98,21.71,-8.95,-5796,-8236,-12252
23388,-13.39,14.48,-165.28,-74.13,57.56,6.24,-5388,-7668,-12844
23418,-14.36,14.94,-165.33,-50.73,30.94,-2.66,-3360,-5612,-13620
23458,-14.68,15.02,-165.34,-45.24,27.63,-5.44,-4408,-6880,-13420
23486,-15.11,15.23,-165.34,-70.53,51.37,0.57,-5516,-7760,-12652
23516,-15.33,15.27,-165.33,-90.45,69.78,3.98,-2876,-4716,-14832
23551,-15.37,15.15,-165.33,-52.56,35.92,-3.66,-1528,-3180,-14940
23581,-15.49,15.11,-165.34,-39.69,27.23,-2.53,-2932,-4796,-14664
23610,-15.75,15.25,-165.34,-69.10,51.31,-0.74,-3864,-4972,-14364
23640,-16.90,15.97,-165.38,-81.16,59.00,-2.06,-1380,-2600,-15320
23680,-16.87,15.81,-165.38,-69.38,48.84,-4.89,-840,-2140,-14740
23708,-16.79,15.66,-165.40,-67.23,48.29,-6.18,-288,-892,-15880
23738,-16.57,15.42,-165.42,-56.92,34.40,-6.89,-208,-100,-15984
23768,-16.39,15.19,-165.41,-44.92,29.34,1.31,-168,-828,-14996
23814,-16.03,14.81,-165.42,-36.15,10.36,-5.15,1348,1568,-16764
23843,-15.66,14.36,-165.64,1.72,-5.09,-7.07,16,-76,-17644
23937,-15.23,14.14,-165.67,29.92,36.28,-10.82,-8,1084,-18924
23966,-14.85,13.97,-165.70,44.08,57.58,-18.08,24,-208,-17452
23996,-14.45,13.86,-165.74,62.80,71.93,-19.40,-372,-368,-16904
24026,-14.09,13.75,-165.79,56.34,86.36,-22.49,-28,-476,-16060
24055,-12.99,15.56,-166.27,46.50,106.40,-22.98,1344,-1864,-14768
24101,-12.80,15.31,-166.31,43.99,110.75,-19.16,2024,-1996,-14380
24134,-12.73,15.03,-166.35,16.18,127.88,-21.95,2788,-2728,-13972
24164,-12.67,14.58,-166.40,1.02,137.68,-22.70,5404,-2576,-13772
24193,-12.50,13.90,-166.42,25.31,119.33,-12.89,8600,-1892,-14084
24223,-12.36,13.24,-166.44,51.93,100.50,-6.79,7888,-2904,-13844
24253,-12.36,12.56,-166.46,42.93,110.40,-10.01,7508,-4124,-11644
24283,-12.21,13.52,-166.52,15.76,118.85,-3.63,10088,-5020,-11576
24324,-12.17,12.61,-166.52,28.03,105.02,-0.72,11368,-3788,-11892
24352,-12.13,11.62,-166.53,47.21,86.03,-5.93,12016,-4340,-11136
24387,-12.23,10.62,-166.56,35.79,82.11,-15.28,11400,-5496,-9260
24417,-12.31,9.59,-166.59,14.08,82.84,-14.97,11876,-4892,-9220
24446,-12.30,8.52,-166.61,13.82,64.96,-10.15,12356,-3644,-9568
24476,-12.36,7.39,-166.62,30.33,57.27,-7.08,12976,-4972,-8176
24506,-12.11,7.18,-166.73,23.07,68.40,-6.73,13120,-4832,-7160
24546,-12.13,6.01,-166.74,9.96,61.66,-5.75,13252,-3792,-7452
24574,-12.18,4.80,-166.74,10.27,45.63,1.94,14408,-4668,-7364
24604,-12.31,3.56,-166.71,19.50,24.67,12.74,15088,-6124,-6540
24639,-12.44,2.31,-166.70,-9.45,-1.82,6.03,15304,-5400,-7496
24668,-12.61,1.04,-166.70,-34.64,-35.83,2.54,14924,-5320,-7712
24698,-12.82,-0.28,-166.69,-40.79,-67.88,5.55,15576,-6024,-7612
24728,-13.88,-3.04,-166.86,-52.58,-94.60,-9.78,14496,-6004,-8208
24770,-13.99,-4.27,-166.88,-55.36,-110.40,-10.53,12724,-3728,-8608
24798,-14.03,-5.44,-166.90,-51.03,-131.66,-7.25,12132,-3076,-9620
24828,-14.22,-6.57,-166.92,-56.24,-129.95,-9.47,12444,-5108,-9604
24872,-14.33,-7.50,-166.95,-55.34,-123.06,-14.80,8920,-3276,-9720
25206,-14.82,-8.94,-167.23,-33.87,-62.71,-11.73,1704,184,-16044
25254,-14.44,-8.98,-167.24,-4.32,-79.51,-7.65,804,1324,-15872
25282,-14.05,-8.70,-167.25,-0.41,-78.75,-1.73,-3468,1464,-15520
25312,-13.77,-8.39,-167.25,-17.03,-56.52,-2.31,-3616,468,-16692
25342,-13.63,-8.04,-167.25,-29.93,-27.34,2.35,-3552,-1200,-16408
25372,-13.31,-7.79,-167.22,-11.98,-4.66,12.98,-1436,1188,-18008
25411,-12.71,-7.20,-167.15,15.98,15.24,4.42,-2916,1112,-16208
25452,-12.40,-6.82,-167.14,7.90,29.62,5.07,-2336,604,-15428
25485,-12.02,-6.51,-167.12,5.92,26.09,11.34,-1724,1608,-15756
25515,-11.55,-6.33,-167.09,32.77,2.37,12.44,-644,2536,-16728
25545,-11.16,-6.18,-167.08,56.58,-11.65,5.04,-712,672,-15880
25574,-10.90,-5.95,-167.07,40.29,1.30,4.25,-1396,-1180,-15792
25604,-10.64,-5.75,-167.06,-13.47,26.95,2.89,-340,1060,-16536
25634,-9.73,-5.33,-165.71,30.81,13.95,71.47,-708,1792,-17684
25678,-9.41,-5.14,-165.43,55.22,11.90,93.05,-736,-444,-16348
25707,-9.11,-4.98,-165.20,61.64,18.82,115.10,-328,-100,-15884
25742,-8.78,-4.85,-164.89,54.44,54.89,155.34,1208,652,-17680
25771,-8.66,-4.51,-164.53,45.11,104.40,177.87,-544,-2112,-16132
25801,-8.76,-4.03,-164.19,-18.38,145.20,172.05,-1272,-3060,-14380
25831,-8.83,-3.76,-163.85,-59.62,145.55,170.31,1200,-1644,-14464
25861,-9.26,-2.01,-159.83,-27.72,101.87,200.56,4156,-828,-14608
25905,-9.44,-2.00,-159.27,-18.31,73.88,188.44,3000,-3772,-13108
25934,-9.45,-2.14,-158.92,-16.24,46.46,173.26,3604,-2176,-14768
25964,-9.38,-2.35,-158.58,-11.46,36.88,172.74,4740,-1460,-16048
25999,-9.50,-2.49,-158.24,4.82,5.71,168.58,2576,-4036,-13996
26028,-9.53,-2.76,-157.94,19.86,-21.57,151.05,3664,-3444,-14724
26058,-9.53,-2.92,-157.63,0.44,-9.66,151.57,3008,-2868,-16944
26088,-8.73,-2.52,-154.95,38.76,15.92,127.69,-164,-2548,-14988
26133,-8.40,-2.33,-154.69,10.85,84.99,130.61,428,1968,-16116
26161,-8.63,-2.31,-154.47,-39.80,130.07,108.82,4184,-4852,-16292
26191,-8.91,-2.52,-154.30,-45.75,48.52,85.35,6088,-6340,-18184
26220,-8.95,-2.66,-154.21,-63.76,10.22,49.24,3200,-1468,-17304
26255,-9.34,-2.62,-154.11,-50.05,61.20,48.61,1624,-5372,-12468
26285,-9.87,-3.13,-153.86,-23.94,-14.14,122.85,6552,-8104,-10268
26315,-9.58,-2.90,-152.03,-5.16,21.24,114.66,2056,2060,-13620
26355,-9.56,-2.94,-151.86,-14.32,127.92,85.19,3812,-1556,-12004
26383,-10.07,-3.42,-151.50,21.08,46.82,119.46,11092,-12336,-10984
26413,-9.92,-3.89,-151.27,28.96,-0.77,115.76,7692,-1636,-15276
26443,-9.73,-4.14,-151.14,-23.87,27.83,65.42,5980,624,-17408
26473,-10.14,-4.70,-151.07,-0.15,-24.96,35.28,9304,-9400,-13304
26508,-10.26,-5.17,-151.04,-7.87,-32.76,13.05,7284,-4532,-14976
26537,-10.48,-5.39,-150.27,13.78,-11.73,48.27,1776,-7476,-11668
26577,-10.93,-5.72,-150.16,26.99,-13.37,53.52,5688,-9396,-11964
26605,-11.20,-6.03,-150.04,-7.26,-8.73,60.62,5988,-6908,-14456
26659,-11.20,-6.16,-149.90,7.08,-40.90,71.89,2032,-2856,-13460
26689,-11.49,-6.49,-149.75,28.48,-49.82,71.10,4600,-7276,-12612
26719,-11.73,-6.56,-149.58,65.14,-32.87,84.53,2608,-10760,-18520
26748,-12.39,-4.52,-147.66,-33.56,110.00,107.02,464,-4372,-15860
26835,-12.21,-4.75,-147.53,4.53,21.17,66.47,5760,-1164,-17400
26863,-12.30,-4.94,-147.41,-24.02,-39.24,58.46,3396,-4760,-18088
26893,-12.69,-5.27,-147.19,-12.21,-61.47,108.07,4640,-8948,-14460
26923,-13.08,-5.56,-146.87,28.87,-62.69,161.13,3892,-9476,-12892
26953,-12.88,-6.36,-143.19,20.59,-44.02,183.89,612,-6024,-14272
26998,-13.05,-6.28,-142.86,17.27,-44.05,164.15,-424,-5952,-13844
27026,-13.25,-6.07,-142.58,-8.47,-28.63,140.50,-1892,-5496,-13368
27061,-13.25,-5.77,-142.30,6.36,-29.47,140.63,-3492,-4152,-16568
27091,-13.23,-5.39,-142.01,41.85,-68.50,144.13,-6232,-5292,-16396
27120,-13.48,-4.91,-141.73,2.25,-62.68,139.72,-5856,-5972,-11056
27150,-13.65,-4.72,-141.42,5.82,-4.44,155.44,-1208,-5416,-12820
27180,-13.55,-4.78,-138.48,0.29,-37.90,154.83,-8544,-2792,-16220
27223,-13.49,-4.05,-138.26,-31.20,-27.76,110.02,-8624,-2004,-12468
27251,-13.43,-3.42,-138.07,-43.94,6.13,93.07,-5976,-1484,-11608
27280,-13.14,-2.78,-137.85,18.71,29.63,114.30,-6680,-136,-14028
27617,-13.41,-2.88,-137.98,-44.65,-38.09,-8.51,-7076,2732,-17256
27657,-12.99,-2.48,-137.93,-11.92,19.67,24.44,-5348,3124,-19304
27685,-12.41,-1.84,-137.80,14.82,72.62,67.76,-7072,4496,-16284
27715,-12.04,-1.03,-137.62,19.36,83.44,90.25,-7884,1144,-13400
27744,-11.85,-0.58,-137.49,30.71,28.86,65.21,-4540,-1364,-13380
27774,-11.44,0.13,-137.38,12.40,-3.43,53.66,-7912,1776,-11116
27804,-11.17,0.83,-137.26,-29.52,21.33,60.32,-8028,1316,-12348
27834,-11.16,1.19,-135.32,-13.51,13.56,64.52,264,2280,-14168
27893,-10.63,1.68,-135.13,-81.64,38.21,96.63,-5080,5408,-11468
27921,-10.31,2.32,-134.93,-64.60,17.67,99.55,-6988,2636,-10812
27951,-9.51,2.05,-134.81,120.82,-83.87,62.34,1548,10148,-31596
27980,-8.83,2.13,-134.67,143.40,-36.26,45.87,-4128,1280,-21064
28010,-8.45,2.19,-134.63,55.95,42.02,21.89,-392,1608,-19000
28040,-7.65,2.84,-134.14,18.69,25.56,24.23,-1868,2580,-10696
28085,-7.23,3.25,-134.03,55.85,-1.14,52.85,-5052,1772,-11660
28113,-6.89,3.48,-133.82,33.76,-19.55,107.24,-4892,1852,-15964
28148,-6.72,3.69,-133.58,33.57,29.00,121.52,-3532,-604,-18024
28178,-6.54,3.82,-133.38,-3.53,33.10,100.36,-2004,804,-16552
28207,-6.46,4.01,-133.20,-18.72,23.12,87.56,-3364,-120,-17148
28237,-6.11,4.14,-133.03,1.19,44.68,87.46,-1776,2972,-15904
28267,-5.92,4.33,-131.22,0.77,6.08,69.63,-1748,824,-16848
28317,-5.51,4.28,-131.07,5.46,21.14,72.89,140,4248,-17304
28345,-5.10,4.22,-130.84,-2.56,20.00,115.45,220,3928,-14468
28375,-4.94,4.10,-130.60,-34.85,-32.08,121.24,-432,1544,-14288
28404,-4.57,4.04,-130.43,4.80,14.69,85.80,160,4332,-18012
28433,-4.02,4.03,-130.21,25.61,52.94,109.44,428,5564,-14924
28463,-4.02,3.53,-129.94,-30.73,-59.95,134.23,5440,-468,20176
28507,-3.54,3.55,-128.74,14.48,4.51,80.03,-384,3624,-22240
28546,-3.28,3.64,-128.54,-23.26,64.60,96.89,-676,3868,-18160
28574,-3.13,3.83,-128.25,-95.78,13.14,147.27,-3012,3512,-14160
28604,-2.84,3.91,-127.91,-74.88,0.60,167.75,-2280,5360,-15880
28634,-2.45,3.87,-127.58,-39.44,28.28,168.97,216,5844,-15516
28663,-2.09,3.61,-127.25,-41.98,17.95,161.95,2964,5256,-14428
28698,-1.67,3.31,-126.93,-34.44,-19.43,159.77,2352,5480,-13080
28728,-1.22,2.77,-124.77,7.51,-19.43,127.04,2172,4012,-15420
28769,-0.93,2.42,-124.53,1.19,-21.77,122.18,3488,3668,-15292
28797,-0.57,2.01,-124.15,-6.55,-31.27,126.63,3356,4332,-13060
28827,-0.21,2.27,-123.86,7.08,46.99,146.40,-2888,4608,-14644
28857,-0.52,1.84,-123.64,-5.26,-14.56,108.21,9364,-8120,-28128
28887,0.22,1.84,-123.50,66.08,43.00,69.40,640,7804,-13620
28917,0.73,1.60,-123.27,118.61,40.24,114.68,2988,2952,-11396
28952,3.20,1.53,-120.10,113.21,6.56,150.93,2776,2660,-18560
28996,3.43,1.15,-119.64,69.29,-29.28,152.88,4148,1304,-17692
29025,3.13,0.84,-119.35,36.54,-9.63,145.38,4788,-5284,-19312
29054,2.82,0.51,-119.01,7.97,-14.81,168.79,5004,-4620,-18856
29084,2.53,0.13,-118.63,5.34,-52.19,190.18,4100,-3756,-16900
29114,2.27,-0.18,-118.28,34.86,-39.35,176.94,2784,-3432,-13472
29144,1.84,-0.07,-118.00,-21.85,77.69,142.54,584,-3596,-11848
29173,-31.63,11.45,-112.38,-103.18,36.08,17.11,1148,-4044,-16836
29529,-31.85,10.49,-110.40,-20.59,-18.32,110.09,5832,-6956,-14296
29610,-31.67,10.24,-110.28,-23.92,40.28,60.05,1364,-4600,-12284
29637,-31.66,10.10,-110.04,-12.98,67.81,119.85,916,-7584,-13120
29667,-31.25,9.86,-109.73,58.56,90.90,156.53,3228,-5028,-15928
29697,-30.76,9.50,-109.40,63.76,63.79,164.11,4612,-4152,-17740
29727,-30.29,9.17,-109.05,30.27,9.21,172.44,2504,-3252,-17940
29756,-29.72,8.85,-106.34,24.01,-7.82,112.95,-432,-5920,-10228
29803,-29.69,8.50,-106.21,-27.43,19.76,68.49,2300,-5348,-10976
29836,-30.00,8.51,-105.99,-65.75,17.40,71.72,-1952,-10244,-14112
29866,-30.22,8.27,-105.79,-52.05,36.04,100.06,1748,-8416,-11468
29896,-29.96,8.08,-105.62,5.18,103.76,87.56,3512,-5416,-16664
29926,-29.85,8.01,-105.44,1.75,33.34,86.63,-528,-9204,-20316
29965,-29.44,9.20,-102.70,6.92,71.32,105.43,5184,-4104,-11416
30015,-29.27,9.11,-102.54,-3.92,67.36,79.86,640,-6796,-17720
30043,-29.22,8.98,-102.39,-3.53,-17.85,76.17,-1568,-8808,-18008
30073,-29.38,8.79,-102.22,13.65,-12.97,84.35,-136,-7864,-9772
30417,-30.79,10.86,-98.71,-78.85,87.99,146.36,-2756,-2284,-18092
30464,-30.34,10.90,-98.49,-17.21,79.53,107.32,-1428,-1708,-15104
30492,-29.89,11.19,-98.29,37.08,50.90,100.89,-4632,-2636,-12172
30522,-29.60,11.09,-98.11,-10.05,9.80,89.12,-1144,-3204,-12336
30552,-29.23,10.84,-97.98,-21.04,-11.46,65.02,48,-2272,-14012
30581,-28.49,10.55,-97.88,20.31,-33.89,53.77,92,1584,-15664
30611,-27.84,10.64,-97.65,25.55,-18.91,110.91,-4748,516,-15640
30656,-26.18,10.37,-96.75,69.10,-9.25,47.49,-1732,-2896,-17840
30703,-25.14,10.14,-96.75,58.19,0.25,-1.44,256,5468,-14912
30731,-24.58,10.43,-96.63,-20.69,7.58,60.53,-6880,1420,-15436
30761,-24.19,10.44,-96.48,-4.08,8.02,75.45,-2892,-1364,-16004
30791,-23.65,10.30,-96.35,32.66,21.08,66.29,-396,-84,-17044
30821,-23.40,10.38,-96.20,-39.25,14.21,72.63,-3416,-1996,-15152
30851,-23.32,10.44,-96.05,-63.75,4.93,76.66,-3544,-3712,-15056
30881,-23.04,9.59,-93.94,-6.95,-28.06,88.18,-244,-232,-14536
30931,-22.33,9.37,-93.70,55.66,-59.81,119.06,-1052,1656,-13036
30964,-21.69,9.16,-93.38,41.75,-98.04,159.73,-2064,1324,-13784
30994,-21.50,9.16,-93.06,6.15,-110.17,158.40,-6476,-4204,-17396
31024,-21.12,9.14,-92.72,12.34,-64.73,171.50,-5316,-1444,-20644
31054,-20.86,9.09,-92.42,-36.06,-2.67,149.56,-2452,-1552,-19772
31083,-20.43,11.01,-90.47,-1.17,70.83,81.08,-4952,420,-12364
31131,-19.86,11.20,-90.31,-5.21,21.92,83.87,-4096,1896,-12040
31159,-19.11,11.17,-90.13,-23.65,-0.26,89.98,-2548,5472,-14508
31189,-18.39,11.14,-89.93,-6.51,10.81,98.82,-2240,4452,-14048
31224,-17.82,11.02,-89.76,-16.67,-8.29,81.88,-1684,3160,-15040
31254,-16.95,10.95,-89.63,7.85,28.71,66.71,-1376,7020,-14976
31284,-16.52,10.02,-88.32,-5.61,-46.94,68.74,-2116,2608,-15020
31327,-15.91,9.92,-88.17,-5.64,-39.08,74.88,-2700,4280,-16748
31355,-15.30,9.97,-88.00,23.42,17.22,58.14,-2792,3272,-15712
31385,-14.94,9.94,-87.92,16.79,-8.11,37.53,-2436,192,-14620
31415,-14.41,9.90,-87.85,-9.29,-32.24,35.51,-3248,3696,-16576
31445,-13.82,9.94,-87.77,14.73,-3.63,39.81,-3456,3856,-15252
31480,-13.24,10.05,-87.61,30.60,-18.26,81.44,-4360,3140,-13584
31510,-13.18,9.67,-85.51,-26.89,-14.74,72.34,-3028,6764,-12460
31563,-12.66,9.82,-85.31,-4.21,-7.92,104.11,-4872,3744,-14920
31591,-12.17,9.65,-85.01,15.73,-10.36,147.67,-916,3392,-18888
31621,-11.71,9.38,-84.62,53.02,-4.31,193.38,1112,1676,-17396
31651,-11.09,9.38,-84.23,43.67,1.50,194.95,-2200,3636,-13196
31681,-10.43,9.28,-83.87,46.95,18.90,180.24,-720,4620,-15064
31711,-8.38,9.93,-77.95,51.57,31.40,190.92,1508,3564,-14600
31767,-7.91,9.73,-77.32,36.02,37.79,212.36,1552,2652,-15076
31801,-7.42,9.65,-76.90,26.31,42.14,209.44,-504,3912,-15444
31830,-7.19,9.51,-76.52,17.18,45.39,190.74,636,684,-16252
31860,-7.05,9.26,-76.14,-14.24,43.80,186.86,1732,260,-14388
31890,-6.86,8.92,-75.75,-67.17,28.75,198.49,2580,2284,-13680
31920,-7.16,9.15,-71.93,-24.73,11.91,158.89,-1676,1856,-15136
31968,-6.94,9.09,-71.69,10.90,31.29,122.98,-1008,884,-18312
31997,-6.58,8.72,-71.49,59.10,-10.35,99.80,3292,2100,-22116
32027,-6.42,8.10,-71.32,25.24,-104.80,85.31,4252,-412,-19704
32062,-6.74,7.59,-71.15,-48.34,-79.98,81.71,2268,-4044,-12676
32091,-6.74,6.85,-70.93,-38.89,27.14,110.03,7124,-780,-11340
32121,-5.92,7.71,-67.98,16.28,46.00,123.05,1192,4456,-15920
32169,-5.73,7.77,-67.80,-39.45,13.34,89.71,-2596,1920,-15276
32211,-5.25,7.31,-67.65,6.21,-5.95,75.62,4928,5808,-17548
32241,-4.87,7.06,-67.56,52.77,-12.05,43.34,1228,2652,-16980
32271,-4.79,6.83,-67.53,23.79,-23.94,13.98,444,-860,-15144
32301,-5.30,6.41,-67.53,2.58,-2.00,4.15,4340,-9044,-14496
32336,-4.83,5.86,-66.25,19.65,-4.06,67.04,5468,72,-17520
32419,-4.71,5.46,-66.20,16.95,-22.69,27.49,2756,-116,-13484
32447,-4.85,5.03,-66.14,-65.15,-11.54,19.67,4108,-640,-15888
32477,-4.73,5.02,-66.08,-8.41,50.18,29.63,68,528,-17064
32507,-4.53,4.99,-65.99,-16.63,51.07,44.44,528,1900,-15512
32537,-4.93,5.43,-64.04,-24.95,47.54,102.63,5216,-404,-17136
32581,-4.63,5.23,-63.75,34.81,149.73,143.33,6420,2268,-18356
32609,-4.27,4.81,-63.40,28.21,129.15,177.18,9080,3444,-16264
32639,-4.11,4.38,-63.02,23.15,41.92,190.71,6744,572,-17792
32974,-4.90,5.64,-60.81,-14.46,52.88,73.55,3368,-7156,-17236
33028,-5.33,5.12,-60.67,-17.73,27.62,71.70,5568,-5916,-11556
33056,-5.37,4.86,-60.55,-51.92,37.88,61.32,3348,-716,-16572
33086,-5.52,4.62,-60.47,4.95,26.03,36.40,3648,-4852,-20032
33116,-5.76,4.07,-60.32,12.96,86.47,75.50,9572,-5884,-14740
33145,-6.11,3.72,-60.04,-15.49,45.46,93.91,5008,-5204,-12648
33175,-7.91,3.34,-56.51,-54.38,1.61,106.97,5608,-2660,-17096
33233,-8.11,3.13,-56.26,-44.08,20.19,124.48,2576,-3876,-15808
33266,-8.44,2.73,-55.98,-8.06,33.64,140.82,5512,-6456,-13396
33296,-8.87,2.54,-55.62,1.95,-5.87,177.76,1116,-5176,-8996
33325,-9.18,1.95,-54.94,-105.12,-59.42,228.11,4480,-2316,-13504
33355,-9.40,1.60,-54.44,-170.31,-88.20,250.13,2020,-984,-16212
33385,-9.89,0.94,-50.07,-21.45,-35.62,229.89,-444,-3804,-15352
33428,-10.36,0.87,-49.59,-29.38,-21.23,240.36,40,-7880,-13396
33456,-10.87,0.75,-49.13,-42.97,-27.89,232.89,744,-8536,-13936
33486,-10.90,0.62,-48.76,11.12,15.05,184.21,2304,-4476,-18064
33521,-11.02,0.64,-48.51,28.44,47.89,124.84,948,-5852,-16624
33551,-11.59,0.92,-48.26,-19.08,27.73,125.68,-3960,-11760,-14616
33581,-11.90,1.03,-48.07,-33.75,10.07,90.33,-1640,-7232,-16328
33610,-11.99,1.28,-47.42,-2.62,8.92,32.81,-1448,-4024,-16108
33654,-11.72,1.51,-47.36,-12.14,-7.20,29.40,-3640,856,-15276
33682,-11.78,1.70,-47.23,-31.40,-20.55,63.08,-3316,-2964,-13832
33712,-11.95,1.79,-47.09,-30.70,-61.91,73.18,-4388,-6380,-19728
33741,-11.79,1.95,-46.95,31.05,59.20,67.75,-1360,-2416,-19468
33776,-11.79,2.24,-46.72,-38.43,38.26,77.99,-3064,-1680,-15956
33806,-11.55,2.13,-46.47,7.75,18.93,123.79,964,-108,-10936
33836,-9.65,-0.50,-42.61,93.00,-122.07,167.86,-2212,-5548,-13840
33883,-9.63,-0.46,-42.23,85.05,-71.68,189.08,-2804,-5436,-17940
33911,-9.64,-0.38,-41.85,30.48,-33.51,188.92,-2196,-4464,-18792
33941,-9.72,-0.35,-41.54,-15.69,-26.27,154.32,-1184,-3488,-16120
33971,-10.03,-0.21,-41.32,-8.92,-8.66,111.59,-1928,-6468,-14112
34001,-10.00,0.10,-41.17,-15.07,6.08,74.61,-4312,-1988,-16280
34050,-9.60,1.02,-38.97,26.17,25.27,91.95,-4096,-5132,-12788
34098,-9.44,1.32,-38.76,34.73,-16.45,104.95,-5160,-1440,-16416
34126,-9.16,1.94,-38.44,17.53,44.23,104.57,-7928,620,-16180
34156,-9.05,2.47,-38.19,32.36,84.60,123.79,-5144,-1808,-13796
34186,-9.09,2.34,-37.91,55.44,-45.79,140.62,-116,-4568,-15564
34216,-9.00,2.36,-37.72,19.64,-37.34,95.25,-2284,-2312,-19424
34245,-8.95,2.79,-37.54,-34.98,49.47,60.95,-5120,-396,-17092
34275,-8.68,3.33,-35.60,12.69,14.47,92.50,-3428,-1932,-12584
34321,-8.62,3.53,-35.38,31.55,-23.73,108.37,-4036,-2296,-14040
34354,-8.45,3.80,-35.15,25.49,12.39,115.92,-4700,-824,-16740
34384,-8.29,3.96,-34.92,9.19,25.55,113.24,-2544,-396,-15832
34414,-8.21,4.10,-34.75,10.84,57.48,83.83,-1752,-1596,-17592
34443,-8.49,4.30,-34.67,14.45,-25.85,43.40,-4692,-6804,-14688
34483,-8.43,4.30,-34.28,-1.82,-0.80,20.46,-1300,-948,-14672
34526,-8.29,4.28,-34.25,1.48,-0.58,16.42,-888,-384,-15044
34554,-8.23,4.20,-34.15,16.95,-17.47,30.60,-792,-1980,-14748
34584,-8.14,4.16,-34.05,42.14,-7.14,51.08,-948,-2660,-19148
34619,-8.08,4.53,-33.86,14.32,88.21,94.31,-3924,-1916,-15648
34649,-7.89,4.88,-33.63,14.55,144.75,117.09,-2020,4,-14620
34678,-7.73,5.47,-33.25,-3.66,148.95,127.06,-3668,216,-16436
34708,-8.67,7.52,-29.39,-53.05,111.53,183.93,1752,-44,-15268
34753,-8.74,7.37,-29.09,-81.71,38.32,149.32,988,-1152,-15020
34781,-8.64,7.52,-28.89,-40.18,38.07,98.76,-2896,64,-15188
34811,-8.13,7.39,-28.71,-3.45,100.82,89.31,2544,5016,-15668
34840,-7.87,7.48,-28.55,36.40,112.65,79.17,-188,332,-16332
34875,-7.85,7.01,-28.41,-3.95,19.71,69.93,5936,-2312,-18708
34905,-7.81,6.48,-28.22,-24.22,-59.76,94.34,4740,-1164,-19368
34935,-7.58,3.91,-25.49,5.10,-86.68,109.47,3988,-680,-14028
34984,-7.78,3.46,-25.28,-50.36,-94.62,103.34,1980,-2604,-11568
35012,-7.82,3.18,-25.02,-74.68,-68.95,131.92,760,-512,-12248
35042,-7.44,3.35,-24.71,-26.85,14.56,152.17,-2696,3636,-14732
35072,-7.26,3.53,-24.55,-25.76,27.98,82.00,-2420,1100,-14276
35101,-7.39,3.44,-24.41,-78.73,7.73,45.73,448,-536,-12480
35131,-7.05,3.38,-24.23,-48.17,41.18,88.30,1172,4788,-18708
35459,-5.41,4.62,-19.07,20.80,21.74,80.76,884,2752,-15508
35547,-5.06,4.41,-18.95,26.74,9.69,56.63,1772,2432,-14876
35575,-4.83,4.14,-18.84,-23.59,25.95,56.19,2980,2324,-14736
35605,-4.41,3.87,-18.72,-38.90,45.65,60.40,4300,6128,-16304
35635,-3.95,3.55,-18.57,7.18,49.23,76.28,5456,5684,-16564
35664,-4.11,5.61,-15.95,-14.27,88.33,87.27,6500,2576,-15088
35719,-3.98,5.03,-15.78,-15.08,87.98,83.31,7800,972,-12376
35747,-3.83,4.24,-15.63,-31.64,63.95,77.90,8268,1508,-9504
35782,-3.60,3.49,-15.50,-41.70,-12.29,62.36,6228,2360,-9604
35812,-3.43,2.64,-15.38,-17.50,-38.23,58.57,9320,1812,-13008
35842,-3.27,1.60,-15.25,-13.49,-28.64,68.76,12160,1792,-11360
35886,-3.12,1.54,-13.23,-2.71,22.62,84.24,7688,2080,-14508
35934,-3.03,0.86,-13.06,-41.18,64.38,83.92,11152,1712,-13696
35962,-2.84,0.25,-12.92,-38.03,15.60,69.36,3812,1284,-6200
35992,-2.66,-0.29,-12.76,-0.65,2.95,77.95,7768,1880,-15000
36021,-2.52,-0.92,-12.55,-20.50,7.37,71.41,8056,1960,-12412
36057,-2.24,-1.59,-12.38,18.63,-46.08,85.28,7512,2456,-12712
36097,-1.35,-2.07,-9.01,32.26,7.82,140.18,8964,1260,-12944
36145,-1.35,-2.58,-8.73,14.74,25.91,142.19,8160,-832,-14072
36173,-1.42,-3.02,-8.43,20.03,-14.36,149.04,6868,-2124,-15720
36202,-1.57,-3.51,-8.13,-6.47,-17.83,150.66,7644,-2504,-15624
36232,-1.80,-3.97,-7.79,-26.56,-51.36,172.16,6208,-3108,-15544
36262,-2.11,-4.39,-7.43,-2.68,-67.24,177.93,4844,-4516,-14084
36291,-2.46,-4.84,-7.06,-8.65,-7.10,182.38,6868,-4988,-12968
36321,-2.64,-5.14,-3.03,-0.21,4.45,168.05,7172,-3296,-14792
36373,-2.80,-5.43,-2.80,-6.34,19.30,113.66,5532,-2600,-13716
36401,-3.12,-5.65,-2.64,-14.72,59.21,82.63,5472,-4264,-12732
36431,-3.60,-6.05,-2.42,-4.99,55.04,111.97,8836,-7708,-12460
36461,-4.01,-6.49,-2.15,33.29,-13.08,132.48,8020,-8308,-13740
36490,-4.16,-6.85,-1.97,39.19,-70.56,91.20,4988,-4348,-15360
36520,-4.56,-7.00,-1.90,13.49,-29.21,34.18,3108,-6476,-13276
36550,-5.03,-7.14,-1.03,-0.89,4.80,45.66,5400,-7888,-14240
36594,-5.38,-7.27,-0.96,-7.50,-14.12,36.07,3588,-6120,-15032
36627,-5.82,-7.39,-0.88,8.24,-57.17,37.53,2228,-8160,-15028
36656,-6.28,-7.52,-0.76,-9.65,-47.40,64.03,2512,-7180,-13284
36686,-6.72,-7.59,-0.62,-22.73,-27.67,68.96,2196,-6724,-13608
36716,-7.05,-7.71,-0.48,-2.02,-14.51,67.74,3528,-6508,-14820
36746,-7.50,-7.81,-0.38,-40.44,44.28,51.76,5452,-8076,-15896
36775,-7.99,-7.33,0.70,-6.11,19.50,47.15,1468,-6472,-13856
36822,-8.24,-7.21,0.78,13.42,20.76,39.84,992,-5668,-14148
36850,-8.52,-7.12,0.85,6.89,19.08,35.18,1180,-6092,-14424
36885,-8.90,-7.02,0.98,14.66,15.72,63.02,1084,-8048,-14432
36914,-9.13,-6.88,1.19,11.73,22.11,104.93,580,-5952,-15020
36944,-9.21,-6.88,1.38,32.40,17.88,93.88,2424,-4528,-15420
36974,-9.35,-6.86,1.57,36.49,13.96,97.24,2216,-5832,-15936
37004,-9.70,-6.97,3.61,2.00,-3.92,85.03,2092,-7744,-13640
37052,-9.97,-6.85,3.79,24.50,4.58,88.85,416,-6776,-14128
37080,-10.18,-6.64,3.96,66.21,4.95,86.76,-944,-7552,-14796
37110,-10.72,-6.38,4.14,52.36,-5.35,88.98,-1892,-10844,-11800
37140,-11.28,-6.20,4.32,29.21,20.08,90.02,-168,-9156,-10344
37175,-11.55,-5.84,4.50,44.19,44.05,88.44,-2224,-8320,-14768
37204,-11.18,-5.34,6.35,51.07,6.64,84.31,-3444,-12532,-10652
37250,-11.98,-5.19,6.52,15.03,30.95,83.03,196,-11056,-8512
37278,-12.41,-4.83,6.64,-21.66,45.19,57.96,-2340,-8056,-12896
37308,-12.75,-4.47,6.72,-2.98,19.93,42.73,-3580,-9244,-16248
37351,-13.24,-4.18,6.93,52.04,6.60,105.63,-2932,-11820,-12536
37392,-13.74,-3.90,7.12,11.95,30.74,95.20,-1344,-7208,-8752
37422,-14.28,-3.06,7.76,-17.70,21.54,33.46,-5664,-7556,-15640
37469,-14.49,-2.60,7.84,32.85,-3.44,40.01,-5820,-8008,-13880
37497,-15.08,-2.15,7.91,39.34,21.11,37.48,-4256,-10136,-8140
37527,-15.57,-1.89,7.96,6.22,10.22,22.37,-2648,-10304,-11920
37557,-15.98,-1.64,8.01,7.69,-25.02,25.81,-4116,-10692,-13656
37586,-16.47,-1.43,8.03,28.50,-19.37,8.44,-3152,-11384,-11684
37616,-16.91,-1.20,8.02,17.29,-2.19,-2.31,-2704,-10016,-11532
37645,-17.63,-0.99,7.02,-10.19,-4.64,-49.92,-3720,-10784,-10932
37690,-18.19,-0.69,6.90,-53.61,-23.34,-64.04,-4604,-10408,-11460
38022,-18.59,-0.17,7.31,-2.28,4.30,6.06,-3344,-8844,-14520
38114,-18.78,0.05,7.32,-1.09,-6.66,3.90,-3128,-7492,-13944
38142,-18.95,0.30,7.31,-3.05,-6.50,-3.54,-3660,-7332,-13756
38172,-19.18,0.53,7.31,-1.91,-4.50,-1.81,-3496,-8076,-13396
38202,-19.45,0.79,7.31,-5.23,2.25,2.29,-3432,-8080,-12492
38231,-19.57,1.11,7.22,-3.74,8.14,-4.52,-2544,-6444,-15944
38277,-19.77,1.17,7.21,-2.70,-0.85,-4.50,-1236,-8144,-14352
38305,-19.95,1.34,7.23,13.56,1.26,12.60,-2620,-8120,-13720
38335,-20.09,1.64,7.23,0.00,-5.15,0.95,-4468,-6888,-13028
38370,-20.30,1.74,7.23,0.50,-4.57,-1.02,-2052,-8340,-13852
38399,-20.48,1.93,7.25,5.14,-2.58,7.86,-3372,-8288,-14068
38429,-20.62,2.17,7.25,2.27,-4.70,1.52,-3900,-7336,-13340
38458,-20.90,2.25,7.18,-5.74,-8.05,-3.28,-3808,-7764,-13512
38502,-21.02,2.47,7.19,6.98,-0.95,4.00,-3836,-7548,-13840
38530,-21.20,2.69,7.20,8.09,1.11,3.03,-3688,-8160,-13396
38559,-21.42,2.89,7.19,-7.04,-4.96,-4.45,-3584,-8408,-13108
38589,-21.54,3.10,7.19,-5.60,-0.53,-1.58,-3812,-7428,-14124
38624,-21.68,3.35,7.19,2.71,2.62,-0.45,-4200,-7648,-13188
38653,-21.87,3.55,7.17,-6.94,-5.40,-7.97,-3836,-8092,-13184
38683,-22.01,3.81,7.22,1.05,4.33,2.28,-3444,-7828,-13348
38727,-22.12,4.01,7.22,1.59,5.76,4.32,-3640,-7372,-13668
38755,-22.23,4.18,7.21,-4.50,-2.91,-4.79,-3520,-7324,-13760
38785,-22.35,4.36,7.20,-10.16,-4.18,-7.56,-3760,-7424,-13816
38814,-22.48,4.55,7.20,-1.21,0.70,-0.10,-3836,-7732,-13660
38844,-22.73,5.16,7.20,-0.01,-0.01,-0.01,-1,-1,-1
38938,-22.99,5.76,7.20,-0.01,-0.01,-0.01,-1,-1,-1
39056,-23.23,6.35,7.20,-0.01,-0.01,-0.01,-1,-1,-1
39147,-23.47,6.93,7.20,-0.01,-0.01,-0.01,-1,-1,-1
